Timestamp,Total_Icons,Valid_Icons,Invalid_Icons,Icons_Below_Threshold,Icons_Above_Threshold
2024-08-01 00:00:00,55,52,3,50,1
2024-08-01 06:00:00,55,52,3,51,0
2024-08-01 12:00:00,55,54,1,52,1
2024-08-01 18:00:00,55,54,1,50,0
2024-08-02 00:00:00,55,52,3,51,1
2024-08-02 06:00:00,55,52,3,52,0
2024-08-02 12:00:00,55,54,1,50,1
2024-08-02 18:00:00,55,54,1,51,0
2024-08-03 00:00:00,55,52,3,52,1
2024-08-03 06:00:00,55,52,3,50,0
2024-08-03 12:00:00,55,54,1,51,1
2024-08-03 18:00:00,55,54,1,52,0
2024-08-04 00:00:00,55,52,3,50,1
2024-08-04 06:00:00,55,52,3,51,0
2024-08-04 12:00:00,55,54,1,52,1
2024-08-04 18:00:00,55,54,1,50,0
2024-08-05 00:00:00,55,52,3,51,1
2024-08-05 06:00:00,55,52,3,52,0
2024-08-05 12:00:00,55,54,1,50,1
2024-08-05 18:00:00,55,54,1,51,0
2024-08-06 00:00:00,55,52,3,52,1
2024-08-06 06:00:00,55,52,3,50,0
2024-08-06 12:00:00,55,54,1,51,1
2024-08-06 18:00:00,55,54,1,52,0
2024-08-07 00:00:00,55,52,3,50,1
2024-08-07 06:00:00,55,52,3,51,0
2024-08-07 12:00:00,55,54,1,52,1
2024-08-07 18:00:00,55,54,1,50,0
2024-08-08 00:00:00,55,52,3,51,1
2024-08-08 06:00:00,55,52,3,52,0
2024-08-08 12:00:00,55,54,1,50,1
2024-08-08 18:00:00,55,54,1,51,0
2024-08-09 00:00:00,55,52,3,52,1
2024-08-09 06:00:00,55,52,3,50,0
2024-08-09 12:00:00,55,54,1,51,1
2024-08-09 18:00:00,55,54,1,52,0
2024-08-10 00:00:00,55,52,3,50,1
2024-08-10 06:00:00,55,52,3,51,0
2024-08-10 12:00:00,55,54,1,52,1
2024-08-10 18:00:00,55,54,1,50,0
2024-08-11 00:00:00,55,52,3,51,1
2024-08-11 06:00:00,55,52,3,52,0
2024-08-11 12:00:00,55,54,1,50,1
2024-08-11 18:00:00,55,54,1,51,0
2024-08-12 00:00:00,55,52,3,52,1
2024-08-12 06:00:00,55,52,3,50,0
2024-08-12 12:00:00,55,54,1,51,1
2024-08-12 18:00:00,55,54,1,52,0
2024-08-13 00:00:00,55,52,3,50,1
2024-08-13 06:00:00,55,52,3,51,0
2024-08-13 12:00:00,55,54,1,52,1
2024-08-13 18:00:00,55,54,1,50,0
2024-08-14 00:00:00,55,52,3,51,1
2024-08-14 06:00:00,55,52,3,52,0
2024-08-14 12:00:00,55,54,1,50,1
2024-08-14 18:00:00,55,54,1,51,0
